曜日,日付,投稿番号,カテゴリ,目的,本文,ステータス
月曜,1日目,Day1,自己紹介,フォローしてもらう,"はじめまして。

お金の悩みを抱えている人に
役立つ情報を発信しています。

・借金が返せなくなった
・税金を滞納してしまった
・親が死んで借金が出てきた
・投資詐欺にあったかもしれない

そういう「誰にも言えない」状況のとき
何をすればいいかを具体的に書いていきます。

同じ悩みを持つ方、よければフォローしてください。",未投稿
火曜,2日目,Day2,共感,数字で驚かせる,"カードローンを
「一時的に」借りるつもりだった人へ。

50万円を最低返済額だけ払い続けると

・完済まで12年
・利息だけで95万円
・総支払額145万円

になります。

「すぐ返すつもりだった」が
気づけば5年経っていた、という人が
本当に多い。

この仕組みを知っているだけで
対処法が変わります。",未投稿
水曜,3日目,Day3,知識,保存してもらう,"督促状が届いたとき
焦って全額払おうとしないでください。

まず確認すること。

最後に返済した日はいつですか？

消費者金融・クレジットカードの借金は
最後の取引から5年で時効になります。

時効なら「時効援用通知」を送るだけで
支払い義務がなくなる可能性があります。

払う前に確認、これだけ覚えていてください。",未投稿
木曜,4日目,Day4,親近感,安心させる,"お金の問題って
なぜか「自分だけ」と思いがちですよね。

でも実際は

・カードローン利用者：約1000万人
・奨学金の返済に苦しむ人：数百万人
・税金を滞納している人：全国に多数

みんな黙っているだけで
同じ悩みを抱えている人は想像以上にいます。

一人で抱え込まなくていいです。",未投稿
金曜,5日目,Day5,情報,フォロー理由を作る,"任意整理って何をするか知っていますか。

弁護士に依頼すると
その日から督促電話・郵便が止まります。

そして借入先と交渉して
将来の利息をゼロにします。

月々の返済額が下がって
元本だけを3〜5年で返す形になります。

「借金をなかったことにする」ではなく
「利息を切って現実的に返す」手続きです。

会社にも、官報にも、載りません。",未投稿
土曜,6日目,Day6,問いかけ,コメントを呼ぶ,"聞いてもいいですか。

今お金の問題を抱えていて
一番つらいのってどこですか。

・毎月の返済で生活が苦しい
・誰にも言えなくて孤独
・将来が不安で眠れない
・何から手をつければいいかわからない

コメントしてもらえると
それをテーマに記事を書きます。",未投稿
日曜,7日目,Day7,まとめ,フォローを促す,"今週発信した内容をまとめます。

📌 カードローンの最低返済額の罠
📌 督促状が来たら時効を確認する
📌 任意整理は会社にバレない
📌 お金の問題を抱えているのは自分だけじゃない

来週は
・税金滞納と差し押さえ
・相続放棄の3ヶ月の期限
・奨学金の猶予制度

を発信します。

参考になったらフォローしてもらえると嬉しいです。",未投稿
